[
  {
        "id": 1,
        "city": "Seoul",
        "country": "South Korea",
        "region": "asia",
        "venue": "Goyang Stadium",
        "latitude": 37.67643081067296,
        "longitude": 126.74336747630527,
        "date": "2026-04-09",
        "ticketUrl": "https://tickets.interpark.com/goods/26000547",
        "info": "Presale begins 1/22 at 8:00 PM KST. On Sale begins 1/23 at 8:00 PM KST."
        
    },
    {
        "id": 2,
        "city": "Seoul",
        "country": "South Korea",
        "region": "asia",
        "venue": "Goyang Stadium",
        "latitude": 37.67643081067296,
        "longitude": 126.74336747630527,
        "date": "2026-04-11",
        "ticketUrl": "https://tickets.interpark.com/goods/26000547",
        "info": "Presale begins 1/22 at 8:00 PM KST. On Sale begins 1/23 at 8:00 PM KST."
    },
    {
        "id": 3,
        "city": "Tokyo",
        "country": "Japan",
        "region": "asia",
        "venue": "Tokyo Dome",
        "latitude": 35.70580513638745,
        "longitude": 139.75200399745881,
        "date": "2026-04-17",
        "ticketUrl": "https://www.hybejapan.events/bts/arirang_in_japan",
        "info": "Stay Tuned."
    },
    {
        "id": 4,
        "city": "Tokyo",
        "country": "Japan",
        "region": "asia",
        "venue": "Tokyo Dome",
        "latitude": 35.70580513638745,
        "longitude": 139.75200399745881,
        "date": "2026-04-18",
        "ticketUrl": "https://www.hybejapan.events/bts/arirang_in_japan",
        "info": "Stay Tuned."
    },
    {
        "id": 5,
        "city": "Tampa",
        "region": "us",
        "country": "US",
        "venue": "Raymond James Stadium",
        "latitude": 27.97608702754677,
        "longitude": -82.50330757791107,
        "date": "2026-04-25",
        "ticketUrl": "https://www.ticketmaster.com/event/0D006429DD8089EB",
        "info": "Presale begins 1/22 at 9:00 AM EST. On Sale begins 1/24 at 9:00 AM EST."
    },
    {
        "id": 6,
        "city": "Tampa",
        "country": "US",
        "region": "us",
        "venue": "Raymond James Stadium",
        "latitude": 27.97608702754677,
        "longitude": -82.50330757791107,
        "date": "2026-04-26",
        "ticketUrl": "https://www.ticketmaster.com/event/0D006429DD8089EB",
        "info": "Presale begins 1/22 at 9:00 AM EST. On Sale begins 1/24 at 9:00 AM EST."
    },
    {
        "id": 7,
        "city": "Tampa",
        "country": "US",
        "region": "us",
        "venue": "Raymond James Stadium",
        "latitude": 27.97608702754677,
        "longitude": -82.50330757791107,
        "date": "2026-04-28",
        "ticketUrl": "https://www.ticketmaster.com/event/0D006429DD8089EB",
        "info": "Presale begins 1/23 at 9:00 AM EST. On Sale begins 1/24 at 9:00 AM EST."
    },
    {
        "id": 8,
        "city": "El Paso",
        "country": "US",
        "region": "us",
        "venue": "Sun Bowl Stadium",
        "latitude": 31.773517498618226,
        "longitude": -106.50790950674664,
        "date": "2026-05-02",
        "ticketUrl": "https://www.ticketmaster.com/event/0C006429DBA5721D",
        "info": "Presale begins 1/22 at 3:00 PM MT. On Sale begins 1/24 at 3:00 PM MT."
    },
    {
        "id": 9,
        "city": "El Paso",
        "country": "US",
        "region": "us",
        "venue": "Sun Bowl Stadium",
        "latitude": 31.773517498618226,
        "longitude": -106.50790950674664,
        "date": "2026-05-03",
        "ticketUrl": "https://www.ticketmaster.com/event/0C006429DBA5721D",
        "info": "Presale begins 1/22 at 3:00 PM MT. On Sale begins 1/24 at 3:00 PM MT."
    },
    {
        "id": 10,
        "city": "Mexico City",
        "country": "Mexico",
        "region": "us",
        "venue": "Estadio Gnp Seguros",
        "latitude": 19.405037,
        "longitude": -99.096340,
        "date": "2026-05-07",
        "ticketUrl": "https://www.ticketmaster.com.mx/event/1400642AA1B78268",
        "info": "Presale begins 1/23 at 9:00 AM CST. On Sale begins 1/24 at 9:00 AM CST."
    },
    {
        "id": 11,
        "city": "Mexico City",
        "country": "Mexico",
        "region": "us",
        "venue": "Estadio Gnp Seguros",
        "latitude": 19.405037,
        "longitude": -99.096340,
        "date": "2026-05-09",
        "ticketUrl": "https://www.ticketmaster.com.mx/event/1400642AA1B78268",
        "info": "Presale begins 1/23 at 9:00 AM CST. On Sale begins 1/24 at 9:00 AM CST."
    },
    {
        "id": 12,
        "city": "Mexico City",
        "country": "Mexico",
        "region": "us",
        "venue": "Estadio Gnp Seguros",
        "latitude": 19.405037,
        "longitude": -99.096340,
        "date": "2026-05-10",
        "ticketUrl": "https://www.ticketmaster.com.mx/event/1400642AA1B78268",
        "info": "Presale begins 1/23 at 12:00 PM CST. On Sale begins 1/24 at 9:00 AM CST."
    },
    {
        "id": 13,
        "city": "Stanford",
        "country": "US",
        "region": "us",
        "venue": "Stanford Stadium",
        "latitude": 37.43465758812082,
        "longitude": -122.16104223373326,
        "date": "2026-05-16",
        "ticketUrl": "https://www.ticketmaster.com/event/1C006429C95EA2B8",
        "info": "Presale begins 1/22 at 11:00 AM PST. On Sale begins 1/24 at 11:00 AM PST."
    },
    {
        "id": 14,
        "city": "Stanford",
        "country": "US",
        "region": "us",
        "venue": "Stanford Stadium",
        "latitude": 37.43465758812082,
        "longitude": -122.16104223373326,
        "date": "2026-05-17",
        "ticketUrl": "https://www.ticketmaster.com/event/1C006429C95EA2B8",
        "info": "Presale begins 1/22 at 11:00 AM PST. On Sale begins 1/24 at 11:00 AM PST."
    },
    {
        "id": 15,
        "city": "Stanford",
        "country": "US",
        "region": "us",
        "venue": "Stanford Stadium",
        "latitude": 37.43465758812082,
        "longitude": -122.16104223373326,
        "date": "2026-05-19",
        "ticketUrl": "https://www.ticketmaster.com/event/1C006429C95EA2B8",
        "info": "Presale begins 1/23 at 11:00 AM PST. On Sale begins 1/24 at 11:00 AM PST."
    },
    {
        "id": 16,
        "city": "Las Vegas",
        "country": "US",
        "region": "us",
        "venue": "Allegiant Stadium",
        "latitude": 36.091057235333665,
        "longitude": -115.18308080119972,
        "date": "2026-05-23",
        "ticketUrl": "https://www.ticketmaster.com/event/17006429D233149A",
        "info": "Presale begins 1/22 at 1:00 PM PST. On Sale begins 1/24 at 1:00 PM PST."
    },
    {
        "id": 17,
        "city": "Las Vegas",
        "country": "US",
        "region": "us",
        "venue": "Allegiant Stadium",
        "latitude": 36.091057235333665,
        "longitude": -115.18308080119972,
        "date": "2026-05-24",
        "ticketUrl": "https://www.ticketmaster.com/event/17006429D233149A",
        "info": "Presale begins 1/22 at 1:00 PM PST. On Sale begins 1/24 at 1:00 PM PST."
    },
    {
        "id": 18,
        "city": "Las Vegas",
        "country": "US",
        "region": "us",
        "venue": "Allegiant Stadium",
        "latitude": 36.091057235333665,
        "longitude": -115.18308080119972,
        "date": "2026-05-27",
        "ticketUrl": "https://www.ticketmaster.com/event/17006429D233149A",
        "info": "Presale begins 1/23 at 1:00 PM PST. On Sale begins 1/24 at 1:00 PM PST."
    },
    {
        "id": 19,
        "city": "Busan",
        "country": "South Korea",
        "region": "asia",
        "venue": "Stay Tuned",
        "latitude": 35.19304842203578,
        "longitude": 129.0582277677099,
        "date": "2026-06-12",
        "ticketUrl": "https://btsworldtourofficial.com",
        "info": "Stay Tuned."
    },
    {
        "id": 20,
        "city": "Busan",
        "country": "South Korea",
        "region": "asia",
        "venue": "Stay Tuned",
        "latitude": 35.19304842203578,
        "longitude": 129.0582277677099,
        "date": "2026-06-13",
        "ticketUrl": "https://btsworldtourofficial.com",
        "info": "Stay Tuned."
        
    },
    {
        "id": 21,
        "city": "Madrid",
        "country": "Spain",
        "region": "europe",
        "venue": "Riyadh Air Metropolitano",
        "latitude": 40.43673631118832,
        "longitude": -3.5994656850423157,
        "date": "2026-06-26",
        "ticketUrl": "https://www.ticketmaster.es/artist/958687?venueId=6719",
        "info": "Presale begins 1/23 at 2:00 PM CET. On Sale begins 1/24 at 2:00 PM CET."
    },
    {
        "id": 22,
        "city": "Madrid",
        "country": "Spain",
        "region": "europe",
        "venue": "Riyadh Air Metropolitano",
        "latitude": 40.43673631118832,
        "longitude": -3.5994656850423157,
        "date": "2026-06-27",
        "ticketUrl": "https://www.ticketmaster.es/artist/958687?venueId=6719",
        "info": "Presale begins 1/23 at 2:00 PM CET. On Sale begins 1/24 at 2:00 PM CET."
    },
    {
        "id": 23,
        "city": "Brussels",
        "country": "Belgium",
        "region": "europe",
        "venue": "King Baudouin Stadium",
        "latitude": 50.89580430551415,
        "longitude": 4.33409472208892,
        "date": "2026-07-01",
        "ticketUrl": "https://www.ticketmaster.be/artist/bts-tickets/958687?venueId=135",
        "info": "Presale begins 1/22 at 1:00 PM CET. On Sale begins 1/24 at 1:00 PM CET."
    },
    {
        "id": 24,
        "city": "Brussels",
        "country": "Belgium",
        "region": "europe",
        "venue": "King Baudouin Stadium",
        "latitude": 50.89580430551415,
        "longitude": 4.33409472208892,
        "date": "2026-07-02",
        "ticketUrl": "https://www.ticketmaster.be/artist/bts-tickets/958687?venueId=135",
        "info": "Presale begins 1/22 at 1:00 PM CET. On Sale begins 1/24 at 1:00 PM CET."
    },
    {
        "id": 25,
        "city": "London",
        "country": "United Kingdom",
        "region": "europe",
        "venue": "Tottenham Hotspur Stadium",
        "latitude": 51.6043705883599,
        "longitude": -0.06612443460069506,
        "date": "2026-07-06",
        "ticketUrl": "https://www.ticketmaster.co.uk/artist/2110227?venueId=434396",
        "info": "Presale begins 1/22 at 1:00 PM GMT. On Sale begins 1/24 at 1:00 PM GMT."
    },
    {
        "id": 26,
        "city": "London",
        "country": "United Kingdom",
        "region": "europe",
        "venue": "Tottenham Hotspur Stadium",
        "latitude": 51.6043705883599,
        "longitude": -0.06612443460069506,
        "date": "2026-07-07",
        "ticketUrl": "https://www.ticketmaster.co.uk/artist/2110227?venueId=434396",
        "info": "Presale begins 1/22 at 1:00 PM GMT. On Sale begins 1/24 at 1:00 PM GMT."
    },
    {
        "id": 27,
        "city": "Munich",
        "country": "Germany",
        "region": "europe",
        "venue": "Allianz Arena",
        "latitude": 48.21889557880924,
        "longitude": 11.624619062468456,
        "date": "2026-07-11",
        "ticketUrl": "https://www.ticketmaster.de/artist/958687?venueId=36215",
        "info": "Presale begins 1/22 at 1:00 PM CET. On Sale begins 1/24 at 1:00 PM CET."
    },
    {
        "id": 28,
        "city": "Munich",
        "country": "Germany",
        "region": "europe",
        "venue": "Allianz Arena",
        "latitude": 48.21889557880924,
        "longitude": 11.624619062468456,
        "date": "2026-07-12",
        "ticketUrl": "https://www.ticketmaster.de/artist/958687?venueId=36215",
        "info": "Presale begins 1/22 at 1:00 PM CET. On Sale begins 1/24 at 1:00 PM CET."
    },
    {
        "id": 29,
        "city": "Paris",
        "country": "France",
        "region": "europe",
        "venue": "Stade De France",
        "latitude": 48.92461679047686,
        "longitude": 2.360178939280164,
        "date": "2026-07-17",
        "ticketUrl": "https://www.livenation.fr/bts-tickets-adp830746",
        "info": "Presale begins 1/22 at 3:00 PM CET. On Sale begins 1/24 at 3:00 PM CET."
    },
    {
        "id": 30,
        "city": "Paris",
        "country": "France",
        "region": "europe",
        "venue": "Stade De France",
        "latitude": 48.92461679047686,
        "longitude": 2.360178939280164,
        "date": "2026-07-18",
        "ticketUrl": "https://www.livenation.fr/bts-tickets-adp830746",
        "info": "Presale begins 1/22 at 3:00 PM CET. On Sale begins 1/24 at 3:00 PM CET."
    },
    {
        "id": 31,
        "city": "East Rutherford",
        "country": "US",
        "region": "us",
        "venue": "Metlife Stadium",
        "latitude": 40.81363632023899,
        "longitude": -74.07440872023994,
        "date": "2026-08-01",
        "ticketUrl": "https://www.ticketmaster.com/event/00006429EB39BB6F",
        "info": "Presale begins 1/22 at 11:00 AM EST. On Sale begins 1/24 at 11:00 AM EST."
    },
    {
        "id": 32,
        "city": "East Rutherford",
        "country": "US",
        "region": "us",
        "venue": "Metlife Stadium",
        "latitude": 40.81363632023899,
        "longitude": -74.07440872023994,
        "date": "2026-08-02",
        "ticketUrl": "https://www.ticketmaster.com/event/00006429EB39BB6F",
        "info": "Presale begins 1/22 at 11:00 AM EST. On Sale begins 1/24 at 11:00 AM EST."
    },
    {
        "id": 33,
        "city": "Foxborough",
        "country": "US",
        "region": "us",
        "venue": "Gillette Stadium",
        "latitude": 42.09097444853387,
        "longitude": -71.26423374907556,
        "date": "2026-08-05",
        "ticketUrl": "https://www.ticketmaster.com/event/0100642CBD7AB56B",
        "info": "Presale begins 1/22 at 3:00 PM EST. On Sale begins 1/24 at 3:00 PM EST."
    },
    {
        "id": 34,
        "city": "Foxborough",
        "country": "US",
        "region": "us",
        "venue": "Gillette Stadium",
        "latitude": 42.09097444853387,
        "longitude": -71.26423374907556,
        "date": "2026-08-06",
        "ticketUrl": "https://www.ticketmaster.com/event/0100642CBD7AB56B",
        "info": "Presale begins 1/22 at 3:00 PM EST. On Sale begins 1/24 at 3:00 PM EST."

    },
    {
        "id": 35,
        "city": "Baltimore",
        "country": "US",
        "region": "us",
        "venue": "M&T Bank Stadium",
        "latitude": 39.27799117532497,
        "longitude": -76.62250918215949,
        "date": "2026-08-10",
        "ticketUrl": "https://seatgeek.com/bts-tickets/baltimore-maryland-m-t-bank-stadium-2026-08-10-8-pm/concert/18007131",
        "info": "Presale begins 1/22 at 1:00 PM EST. On Sale begins 1/24 at 1:00 PM EST."

    },
    {
        "id": 36,
        "city": "Baltimore",
        "country": "US",
        "region": "us",
        "venue": "M&T Bank Stadium",
        "latitude": 39.27799117532497,
        "longitude": -76.62250918215949,
        "date": "2026-08-11",
        "ticketUrl": "https://seatgeek.com/bts-tickets/baltimore-maryland-m-t-bank-stadium-2026-08-10-8-pm/concert/18007131",
        "info": "Presale begins 1/22 at 1:00 PM EST. On Sale begins 1/24 at 1:00 PM EST."
    },
    {
        "id": 37,
        "city": "Arlington",
        "country": "US",
        "region": "us",
        "venue": "AT&T Stadium",
        "latitude": 32.74816804771161,
        "longitude": -97.09338967791108,
        "date": "2026-08-15",
        "ticketUrl": "https://seatgeek.com/bts-tickets/arlington-texas-at-t-stadium-2026-08-15-8-pm/concert/17975621",
        "info": "Presale begins 1/22 at 3:00 PM CST. On Sale begins 1/24 at 3:00 PM CST."
    },
    {
        "id": 38,
        "city": "Arlington",
        "country": "US",
        "region": "us",
        "venue": "AT&T Stadium",
        "latitude": 32.74816804771161,
        "longitude": -97.09338967791108,
        "date": "2026-08-16",
        "ticketUrl": "https://seatgeek.com/bts-tickets/arlington-texas-at-t-stadium-2026-08-15-8-pm/concert/17975621",
        "info": "Presale begins 1/22 at 3:00 PM CST. On Sale begins 1/24 at 3:00 PM CST."
    },
    {
        "id": 39,
        "city": "Toronto",
        "country": "Canada",
        "region": "us",
        "venue": "Rogers Stadium",
        "latitude": 43.746060,
        "longitude": -79.468863,
        "date": "2026-08-22",
        "ticketUrl": "https://www.ticketmaster.ca/event/1000642B2D4EBBDE",
        "info": "Presale begins 1/22 at 1:00 PM EST. On Sale begins 1/24 at 1:00 PM EST."
    },
    {
        "id": 40,
        "city": "Toronto",
        "country": "Canada",
        "region": "us",
        "venue": "Rogers Stadium",
        "latitude": 43.746060,
        "longitude": -79.468863,
        "date": "2026-08-23",
        "ticketUrl": "https://www.ticketmaster.ca/event/1000642B2D4EBBDE",
        "info": "Presale begins 1/22 at 1:00 PM EST. On Sale begins 1/24 at 1:00 PM EST."
    },
    {
        "id": 41,
        "city": "Chicago",
        "country": "US",
        "region": "us",
        "venue": "Soldier Stadium",
        "latitude": 41.862536928220244,
        "longitude": -87.6166830355822,
        "date": "2026-08-27",
        "ticketUrl": "https://www.ticketmaster.com/event/0400642ACBBD5D44",
        "info": "Presale begins 1/22 at 11:00 AM CST. On Sale begins 1/24 at 11:00 AM CST."
    },
    {
        "id": 42,
        "city": "Chicago",
        "country": "US",
        "region": "us",
        "venue": "Soldier Stadium",
        "latitude": 41.862536928220244,
        "longitude": -87.6166830355822,
        "date": "2026-08-28",
        "ticketUrl": "https://www.ticketmaster.com/event/0400642ACBBD5D44",
        "info": "Presale begins 1/22 at 11:00 AM CST. On Sale begins 1/24 at 11:00 AM CST."
    },
    {
        "id": 43,
        "city": "Los Angeles",
        "country": "US",
        "region": "us",
        "venue": "Sofi Stadium",
        "latitude": 33.953600592582106,
        "longitude": -118.33898544917587,
        "date": "2026-09-01",
        "ticketUrl": "https://www.ticketmaster.com/event/0A006429B2CB6418",
        "info": "Presale begins 1/22 at 3:00 PM PST. On Sale begins 1/24 at 3:00 PM PST."
    },
    {
        "id": 44,
        "city": "Los Angeles",
        "country": "US",
        "region": "us",
        "venue": "Sofi Stadium",
        "latitude": 33.953600592582106,
        "longitude": -118.33898544917587,
        "date": "2026-09-02",
        "ticketUrl": "https://www.ticketmaster.com/event/0A006429B2CB6418",
        "info": "Presale begins 1/22 at 3:00 PM PST. On Sale begins 1/24 at 3:00 PM PST."
    },
    {
        "id": 45,
        "city": "Los Angeles",
        "country": "US",
        "region": "us",
        "venue": "Sofi Stadium",
        "latitude": 33.953600592582106,
        "longitude": -118.33898544917587,
        "date": "2026-09-05",
        "ticketUrl": "https://www.ticketmaster.com/event/0A006429B2CB6418",
        "info": "Presale begins 1/22 at 3:00 PM PST. On Sale begins 1/24 at 3:00 PM PST."
    },
    {
        "id": 46,
        "city": "Los Angeles",
        "country": "US",
        "region": "us",
        "venue": "Sofi Stadium",
        "latitude": 33.953600592582106,
        "longitude": -118.33898544917587,
        "date": "2026-09-06",
        "ticketUrl": "https://www.ticketmaster.com/event/0A006429B2CB6418",
        "info": "Presale begins 1/22 at 3:00 PM PST. On Sale begins 1/24 at 3:00 PM PST."
    }
    ]

